0,1,-1
0,51,-1
0,101,-1
0,151,-1
0,201,-1
0,251,-1
0,301,-1
0,351,-1
0,401,-1
0,451,-1
0,501,-1
0,551,-1
0,601,-1
0,651,-1
0,701,-1
0,751,-1
0,801,-1
0,851,-1
0,901,-1
0,951,-1
0,1001,-1
0,1051,-1
0,1101,-1
0,1151,-1
0,1201,-1
0,1251,-1
0,1301,-1
0,1351,-1
0,1401,-1
0,1451,-1
0,1500,-1
1,1,0
1,51,0
1,101,-1
1,56,0
1,61,0
1,66,0
1,71,-1
1,76,-1
1,81,-1
1,86,-1
1,91,-1
1,96,-1
1,151,-1
1,201,-1
1,251,-1
1,301,-1
1,351,-1
1,401,-1
1,451,-1
1,501,-1
1,551,-1
1,601,-1
1,651,-1
1,701,-1
1,751,-1
1,801,-1
1,851,-1
1,901,-1
1,951,-1
1,1001,-1
1,1051,-1
1,1101,-1
1,1151,-1
1,1201,-1
1,1251,-1
1,1301,-1
1,1351,-1
1,1401,-1
1,1451,-1
1,1500,-1
2,1,0
2,51,0
2,101,-1
2,56,0
2,61,0
2,66,0
2,71,0
2,76,-1
2,81,-1
2,86,-1
2,91,-1
2,96,-1
2,151,-1
2,201,-1
2,251,-1
2,301,-1
2,351,-1
2,401,-1
2,451,-1
2,501,-1
2,551,-1
2,601,-1
2,651,-1
2,701,-1
2,751,-1
2,801,-1
2,851,-1
2,901,-1
2,951,-1
2,1001,-1
2,1051,-1
2,1101,-1
2,1151,-1
2,1201,-1
2,1251,-1
2,1301,-1
2,1351,-1
2,1401,-1
2,1451,-1
2,1500,-1
3,1,0
3,51,0
3,101,-1
3,56,0
3,61,0
3,66,0
3,71,0
3,76,-1
3,81,-1
3,86,-1
3,91,-1
3,96,-1
3,151,-1
3,201,-1
3,251,-1
3,301,-1
3,351,-1
3,401,-1
3,451,-1
3,501,-1
3,551,-1
3,601,-1
3,651,-1
3,701,-1
3,751,-1
3,801,-1
3,851,-1
3,901,-1
3,951,-1
3,1001,-1
3,1051,-1
3,1101,-1
3,1151,-1
3,1201,-1
3,1251,-1
3,1301,-1
3,1351,-1
3,1401,-1
3,1451,-1
3,1500,-1
4,1,0
4,51,0
4,101,-1
4,56,0
4,61,0
4,66,0
4,71,0
4,76,-1
4,81,-1
4,86,-1
4,91,-1
4,96,-1
4,151,-1
4,201,-1
4,251,-1
4,301,-1
4,351,-1
4,401,-1
4,451,-1
4,501,-1
4,551,-1
4,601,-1
4,651,-1
4,701,-1
4,751,-1
4,801,-1
4,851,-1
4,901,-1
4,951,-1
4,1001,-1
4,1051,-1
4,1101,-1
4,1151,-1
4,1201,-1
4,1251,-1
4,1301,-1
4,1351,-1
4,1401,-1
4,1451,-1
4,1500,-1
5,1,0
5,51,0
5,101,-1
5,56,0
5,61,0
5,66,0
5,71,0
5,76,-1
5,81,-1
5,86,-1
5,91,-1
5,96,-1
5,151,-1
5,201,-1
5,251,-1
5,301,-1
5,351,-1
5,401,-1
5,451,-1
5,501,-1
5,551,-1
5,601,-1
5,651,-1
5,701,-1
5,751,-1
5,801,-1
5,851,-1
5,901,-1
5,951,-1
5,1001,-1
5,1051,-1
5,1101,-1
5,1151,-1
5,1201,-1
5,1251,-1
5,1301,-1
5,1351,-1
5,1401,-1
5,1451,-1
5,1500,-1
6,1,0
6,51,0
6,101,-1
6,56,0
6,61,0
6,66,0
6,71,0
6,76,-1
6,81,-1
6,86,-1
6,91,-1
6,96,-1
6,151,-1
6,201,-1
6,251,-1
6,301,-1
6,351,-1
6,401,-1
6,451,-1
6,501,-1
6,551,-1
6,601,-1
6,651,-1
6,701,-1
6,751,-1
6,801,-1
6,851,-1
6,901,-1
6,951,-1
6,1001,-1
6,1051,-1
6,1101,-1
6,1151,-1
6,1201,-1
6,1251,-1
6,1301,-1
6,1351,-1
6,1401,-1
6,1451,-1
6,1500,-1
7,1,0
7,51,0
7,101,-1
7,56,0
7,61,4
7,66,0
7,71,0
7,76,-1
7,81,-1
7,86,-1
7,91,-1
7,96,-1
7,151,-1
7,201,-1
7,251,-1
7,301,-1
7,351,-1
7,401,-1
7,451,-1
7,501,-1
7,551,-1
7,601,-1
7,651,-1
7,701,-1
7,751,-1
7,801,-1
7,851,-1
7,901,-1
7,951,-1
7,1001,-1
7,1051,-1
7,1101,-1
7,1151,-1
7,1201,-1
7,1251,-1
7,1301,-1
7,1351,-1
7,1401,-1
7,1451,-1
7,1500,-1
8,1,0
8,51,0
8,101,-1
8,56,0
8,61,0
8,66,0
8,71,0
8,76,0
8,81,-1
8,86,-1
8,91,-1
8,96,-1
8,151,-1
8,201,-1
8,251,-1
8,301,-1
8,351,-1
8,401,-1
8,451,-1
8,501,-1
8,551,-1
8,601,-1
8,651,-1
8,701,-1
8,751,-1
8,801,-1
8,851,-1
8,901,-1
8,951,-1
8,1001,-1
8,1051,-1
8,1101,-1
8,1151,-1
8,1201,-1
8,1251,-1
8,1301,-1
8,1351,-1
8,1401,-1
8,1451,-1
8,1500,-1
9,1,0
9,51,0
9,101,-1
9,56,0
9,61,0
9,66,0
9,71,0
9,76,0
9,81,-1
9,86,-1
9,91,-1
9,96,-1
9,151,-1
9,201,-1
9,251,-1
9,301,-1
9,351,-1
9,401,-1
9,451,-1
9,501,-1
9,551,-1
9,601,-1
9,651,-1
9,701,-1
9,751,-1
9,801,-1
9,851,-1
9,901,-1
9,951,-1
9,1001,-1
9,1051,-1
9,1101,-1
9,1151,-1
9,1201,-1
9,1251,-1
9,1301,-1
9,1351,-1
9,1401,-1
9,1451,-1
9,1500,-1
10,1,0
10,51,0
10,101,-1
10,56,0
10,61,0
10,66,0
10,71,0
10,76,0
10,81,-1
10,86,-1
10,91,-1
10,96,-1
10,151,-1
10,201,-1
10,251,-1
10,301,-1
10,351,-1
10,401,-1
10,451,-1
10,501,-1
10,551,-1
10,601,-1
10,651,-1
10,701,-1
10,751,-1
10,801,-1
10,851,-1
10,901,-1
10,951,-1
10,1001,-1
10,1051,-1
10,1101,-1
10,1151,-1
10,1201,-1
10,1251,-1
10,1301,-1
10,1351,-1
10,1401,-1
10,1451,-1
10,1500,-1
11,1,0
11,51,0
11,101,-1
11,56,0
11,61,3
11,66,0
11,71,0
11,76,0
11,81,-1
11,86,-1
11,91,-1
11,96,-1
11,151,-1
11,201,-1
11,251,-1
11,301,-1
11,351,-1
11,401,-1
11,451,-1
11,501,-1
11,551,-1
11,601,-1
11,651,-1
11,701,-1
11,751,-1
11,801,-1
11,851,-1
11,901,-1
11,951,-1
11,1001,-1
11,1051,-1
11,1101,-1
11,1151,-1
11,1201,-1
11,1251,-1
11,1301,-1
11,1351,-1
11,1401,-1
11,1451,-1
11,1500,-1
12,1,0
12,51,0
12,101,-1
12,56,0
12,61,0
12,66,0
12,71,0
12,76,0
12,81,-1
12,86,-1
12,91,-1
12,96,-1
12,151,-1
12,201,-1
12,251,-1
12,301,-1
12,351,-1
12,401,-1
12,451,-1
12,501,-1
12,551,-1
12,601,-1
12,651,-1
12,701,-1
12,751,-1
12,801,-1
12,851,-1
12,901,-1
12,951,-1
12,1001,-1
12,1051,-1
12,1101,-1
12,1151,-1
12,1201,-1
12,1251,-1
12,1301,-1
12,1351,-1
12,1401,-1
12,1451,-1
12,1500,-1
13,1,0
13,51,0
13,101,-1
13,56,0
13,61,0
13,66,0
13,71,0
13,76,0
13,81,0
13,86,-1
13,91,-1
13,96,-1
13,151,-1
13,201,-1
13,251,-1
13,301,-1
13,351,-1
13,401,-1
13,451,-1
13,501,-1
13,551,-1
13,601,-1
13,651,-1
13,701,-1
13,751,-1
13,801,-1
13,851,-1
13,901,-1
13,951,-1
13,1001,-1
13,1051,-1
13,1101,-1
13,1151,-1
13,1201,-1
13,1251,-1
13,1301,-1
13,1351,-1
13,1401,-1
13,1451,-1
13,1500,-1
14,1,0
14,51,0
14,101,-1
14,56,0
14,61,0
14,66,0
14,71,0
14,76,0
14,81,-1
14,86,-1
14,91,-1
14,96,-1
14,151,-1
14,201,-1
14,251,-1
14,301,-1
14,351,-1
14,401,-1
14,451,-1
14,501,-1
14,551,-1
14,601,-1
14,651,-1
14,701,-1
14,751,-1
14,801,-1
14,851,-1
14,901,-1
14,951,-1
14,1001,-1
14,1051,-1
14,1101,-1
14,1151,-1
14,1201,-1
14,1251,-1
14,1301,-1
14,1351,-1
14,1401,-1
14,1451,-1
14,1500,-1
15,1,0
15,51,0
15,101,-1
15,56,0
15,61,0
15,66,0
15,71,0
15,76,0
15,81,-1
15,86,-1
15,91,-1
15,96,-1
15,151,-1
15,201,-1
15,251,-1
15,301,-1
15,351,-1
15,401,-1
15,451,-1
15,501,-1
15,551,-1
15,601,-1
15,651,-1
15,701,-1
15,751,-1
15,801,-1
15,851,-1
15,901,-1
15,951,-1
15,1001,-1
15,1051,-1
15,1101,-1
15,1151,-1
15,1201,-1
15,1251,-1
15,1301,-1
15,1351,-1
15,1401,-1
15,1451,-1
15,1500,-1
16,1,0
16,51,0
16,101,-1
16,56,0
16,61,0
16,66,0
16,71,0
16,76,0
16,81,0
16,86,-1
16,91,-1
16,96,-1
16,151,-1
16,201,-1
16,251,-1
16,301,-1
16,351,-1
16,401,-1
16,451,-1
16,501,-1
16,551,-1
16,601,-1
16,651,-1
16,701,-1
16,751,-1
16,801,-1
16,851,-1
16,901,-1
16,951,-1
16,1001,-1
16,1051,-1
16,1101,-1
16,1151,-1
16,1201,-1
16,1251,-1
16,1301,-1
16,1351,-1
16,1401,-1
16,1451,-1
16,1500,-1
17,1,0
17,51,0
17,101,-1
17,56,0
17,61,0
17,66,0
17,71,0
17,76,0
17,81,0
17,86,-1
17,91,-1
17,96,-1
17,151,-1
17,201,-1
17,251,-1
17,301,-1
17,351,-1
17,401,-1
17,451,-1
17,501,-1
17,551,-1
17,601,-1
17,651,-1
17,701,-1
17,751,-1
17,801,-1
17,851,-1
17,901,-1
17,951,-1
17,1001,-1
17,1051,-1
17,1101,-1
17,1151,-1
17,1201,-1
17,1251,-1
17,1301,-1
17,1351,-1
17,1401,-1
17,1451,-1
17,1500,-1
18,1,0
18,51,0
18,101,-1
18,56,0
18,61,0
18,66,0
18,71,0
18,76,0
18,81,-1
18,86,-1
18,91,-1
18,96,-1
18,151,-1
18,201,-1
18,251,-1
18,301,-1
18,351,-1
18,401,-1
18,451,-1
18,501,-1
18,551,-1
18,601,-1
18,651,-1
18,701,-1
18,751,-1
18,801,-1
18,851,-1
18,901,-1
18,951,-1
18,1001,-1
18,1051,-1
18,1101,-1
18,1151,-1
18,1201,-1
18,1251,-1
18,1301,-1
18,1351,-1
18,1401,-1
18,1451,-1
18,1500,-1
19,1,0
19,51,0
19,101,-1
19,56,0
19,61,0
19,66,0
19,71,0
19,76,0
19,81,-1
19,86,-1
19,91,-1
19,96,-1
19,151,-1
19,201,-1
19,251,-1
19,301,-1
19,351,-1
19,401,-1
19,451,-1
19,501,-1
19,551,-1
19,601,-1
19,651,-1
19,701,-1
19,751,-1
19,801,-1
19,851,-1
19,901,-1
19,951,-1
19,1001,-1
19,1051,-1
19,1101,-1
19,1151,-1
19,1201,-1
19,1251,-1
19,1301,-1
19,1351,-1
19,1401,-1
19,1451,-1
19,1500,-1
20,1,0
20,51,0
20,101,-1
20,56,0
20,61,0
20,66,0
20,71,0
20,76,0
20,81,0
20,86,-1
20,91,-1
20,96,-1
20,151,-1
20,201,-1
20,251,-1
20,301,-1
20,351,-1
20,401,-1
20,451,-1
20,501,-1
20,551,-1
20,601,-1
20,651,-1
20,701,-1
20,751,-1
20,801,-1
20,851,-1
20,901,-1
20,951,-1
20,1001,-1
20,1051,-1
20,1101,-1
20,1151,-1
20,1201,-1
20,1251,-1
20,1301,-1
20,1351,-1
20,1401,-1
20,1451,-1
20,1500,-1
21,1,0
21,51,0
21,101,-1
21,56,0
21,61,0
21,66,0
21,71,0
21,76,0
21,81,0
21,86,-1
21,91,-1
21,96,-1
21,151,-1
21,201,-1
21,251,-1
21,301,-1
21,351,-1
21,401,-1
21,451,-1
21,501,-1
21,551,-1
21,601,-1
21,651,-1
21,701,-1
21,751,-1
21,801,-1
21,851,-1
21,901,-1
21,951,-1
21,1001,-1
21,1051,-1
21,1101,-1
21,1151,-1
21,1201,-1
21,1251,-1
21,1301,-1
21,1351,-1
21,1401,-1
21,1451,-1
21,1500,-1
22,1,0
22,51,0
22,101,-1
22,56,0
22,61,0
22,66,0
22,71,0
22,76,0
22,81,0
22,86,-1
22,91,-1
22,96,-1
22,151,-1
22,201,-1
22,251,-1
22,301,-1
22,351,-1
22,401,-1
22,451,-1
22,501,-1
22,551,-1
22,601,-1
22,651,-1
22,701,-1
22,751,-1
22,801,-1
22,851,-1
22,901,-1
22,951,-1
22,1001,-1
22,1051,-1
22,1101,-1
22,1151,-1
22,1201,-1
22,1251,-1
22,1301,-1
22,1351,-1
22,1401,-1
22,1451,-1
22,1500,-1
23,1,0
23,51,0
23,101,-1
23,56,0
23,61,0
23,66,0
23,71,0
23,76,0
23,81,0
23,86,-1
23,91,-1
23,96,-1
23,151,-1
23,201,-1
23,251,-1
23,301,-1
23,351,-1
23,401,-1
23,451,-1
23,501,-1
23,551,-1
23,601,-1
23,651,-1
23,701,-1
23,751,-1
23,801,-1
23,851,-1
23,901,-1
23,951,-1
23,1001,-1
23,1051,-1
23,1101,-1
23,1151,-1
23,1201,-1
23,1251,-1
23,1301,-1
23,1351,-1
23,1401,-1
23,1451,-1
23,1500,-1
24,1,0
24,51,0
24,101,-1
24,56,0
24,61,0
24,66,0
24,71,0
24,76,0
24,81,0
24,86,-1
24,91,-1
24,96,-1
24,151,-1
24,201,-1
24,251,-1
24,301,-1
24,351,-1
24,401,-1
24,451,-1
24,501,-1
24,551,-1
24,601,-1
24,651,-1
24,701,-1
24,751,-1
24,801,-1
24,851,-1
24,901,-1
24,951,-1
24,1001,-1
24,1051,-1
24,1101,-1
24,1151,-1
24,1201,-1
24,1251,-1
24,1301,-1
24,1351,-1
24,1401,-1
24,1451,-1
24,1500,-1
25,1,0
25,51,0
25,101,-1
25,56,0
25,61,0
25,66,0
25,71,0
25,76,0
25,81,-1
25,86,-1
25,91,-1
25,96,-1
25,151,-1
25,201,-1
25,251,-1
25,301,-1
25,351,-1
25,401,-1
25,451,-1
25,501,-1
25,551,-1
25,601,-1
25,651,-1
25,701,-1
25,751,-1
25,801,-1
25,851,-1
25,901,-1
25,951,-1
25,1001,-1
25,1051,-1
25,1101,-1
25,1151,-1
25,1201,-1
25,1251,-1
25,1301,-1
25,1351,-1
25,1401,-1
25,1451,-1
25,1500,-1
26,1,0
26,51,0
26,101,-1
26,56,0
26,61,0
26,66,0
26,71,0
26,76,0
26,81,0
26,86,-1
26,91,-1
26,96,-1
26,151,-1
26,201,-1
26,251,-1
26,301,-1
26,351,-1
26,401,-1
26,451,-1
26,501,-1
26,551,-1
26,601,-1
26,651,-1
26,701,-1
26,751,-1
26,801,-1
26,851,-1
26,901,-1
26,951,-1
26,1001,-1
26,1051,-1
26,1101,-1
26,1151,-1
26,1201,-1
26,1251,-1
26,1301,-1
26,1351,-1
26,1401,-1
26,1451,-1
26,1500,-1
27,1,0
27,51,0
27,101,-1
27,56,0
27,61,0
27,66,0
27,71,0
27,76,0
27,81,0
27,86,-1
27,91,-1
27,96,-1
27,151,-1
27,201,-1
27,251,-1
27,301,-1
27,351,-1
27,401,-1
27,451,-1
27,501,-1
27,551,-1
27,601,-1
27,651,-1
27,701,-1
27,751,-1
27,801,-1
27,851,-1
27,901,-1
27,951,-1
27,1001,-1
27,1051,-1
27,1101,-1
27,1151,-1
27,1201,-1
27,1251,-1
27,1301,-1
27,1351,-1
27,1401,-1
27,1451,-1
27,1500,-1
28,1,0
28,51,0
28,101,-1
28,56,0
28,61,0
28,66,0
28,71,0
28,76,0
28,81,0
28,86,-1
28,91,-1
28,96,-1
28,151,-1
28,201,-1
28,251,-1
28,301,-1
28,351,-1
28,401,-1
28,451,-1
28,501,-1
28,551,-1
28,601,-1
28,651,-1
28,701,-1
28,751,-1
28,801,-1
28,851,-1
28,901,-1
28,951,-1
28,1001,-1
28,1051,-1
28,1101,-1
28,1151,-1
28,1201,-1
28,1251,-1
28,1301,-1
28,1351,-1
28,1401,-1
28,1451,-1
28,1500,-1
29,1,0
29,51,0
29,101,-1
29,56,0
29,61,0
29,66,0
29,71,0
29,76,0
29,81,0
29,86,-1
29,91,-1
29,96,-1
29,151,-1
29,201,-1
29,251,-1
29,301,-1
29,351,-1
29,401,-1
29,451,-1
29,501,-1
29,551,-1
29,601,-1
29,651,-1
29,701,-1
29,751,-1
29,801,-1
29,851,-1
29,901,-1
29,951,-1
29,1001,-1
29,1051,-1
29,1101,-1
29,1151,-1
29,1201,-1
29,1251,-1
29,1301,-1
29,1351,-1
29,1401,-1
29,1451,-1
29,1500,-1
30,1,0
30,51,0
30,101,-1
30,56,0
30,61,0
30,66,0
30,71,0
30,76,0
30,81,0
30,86,-1
30,91,-1
30,96,-1
30,151,-1
30,201,-1
30,251,-1
30,301,-1
30,351,-1
30,401,-1
30,451,-1
30,501,-1
30,551,-1
30,601,-1
30,651,-1
30,701,-1
30,751,-1
30,801,-1
30,851,-1
30,901,-1
30,951,-1
30,1001,-1
30,1051,-1
30,1101,-1
30,1151,-1
30,1201,-1
30,1251,-1
30,1301,-1
30,1351,-1
30,1401,-1
30,1451,-1
30,1500,-1
31,1,0
31,51,0
31,101,-1
31,56,0
31,61,0
31,66,0
31,71,0
31,76,0
31,81,0
31,86,-1
31,91,-1
31,96,-1
31,151,-1
31,201,-1
31,251,-1
31,301,-1
31,351,-1
31,401,-1
31,451,-1
31,501,-1
31,551,-1
31,601,-1
31,651,-1
31,701,-1
31,751,-1
31,801,-1
31,851,-1
31,901,-1
31,951,-1
31,1001,-1
31,1051,-1
31,1101,-1
31,1151,-1
31,1201,-1
31,1251,-1
31,1301,-1
31,1351,-1
31,1401,-1
31,1451,-1
31,1500,-1
32,1,0
32,51,0
32,101,-1
32,56,0
32,61,0
32,66,0
32,71,0
32,76,0
32,81,0
32,86,-1
32,91,-1
32,96,-1
32,151,-1
32,201,-1
32,251,-1
32,301,-1
32,351,-1
32,401,-1
32,451,-1
32,501,-1
32,551,-1
32,601,-1
32,651,-1
32,701,-1
32,751,-1
32,801,-1
32,851,-1
32,901,-1
32,951,-1
32,1001,-1
32,1051,-1
32,1101,-1
32,1151,-1
32,1201,-1
32,1251,-1
32,1301,-1
32,1351,-1
32,1401,-1
32,1451,-1
32,1500,-1
33,1,0
33,51,0
33,101,-1
33,56,0
33,61,0
33,66,0
33,71,0
33,76,0
33,81,0
33,86,-1
33,91,-1
33,96,-1
33,151,-1
33,201,-1
33,251,-1
33,301,-1
33,351,-1
33,401,-1
33,451,-1
33,501,-1
33,551,-1
33,601,-1
33,651,-1
33,701,-1
33,751,-1
33,801,-1
33,851,-1
33,901,-1
33,951,-1
33,1001,-1
33,1051,-1
33,1101,-1
33,1151,-1
33,1201,-1
33,1251,-1
33,1301,-1
33,1351,-1
33,1401,-1
33,1451,-1
33,1500,-1
34,1,0
34,51,0
34,101,-1
34,56,0
34,61,0
34,66,0
34,71,0
34,76,0
34,81,0
34,86,-1
34,91,-1
34,96,-1
34,151,-1
34,201,-1
34,251,-1
34,301,-1
34,351,-1
34,401,-1
34,451,-1
34,501,-1
34,551,-1
34,601,-1
34,651,-1
34,701,-1
34,751,-1
34,801,-1
34,851,-1
34,901,-1
34,951,-1
34,1001,-1
34,1051,-1
34,1101,-1
34,1151,-1
34,1201,-1
34,1251,-1
34,1301,-1
34,1351,-1
34,1401,-1
34,1451,-1
34,1500,-1
35,1,0
35,51,0
35,101,-1
35,56,0
35,61,0
35,66,0
35,71,0
35,76,0
35,81,0
35,86,-1
35,91,-1
35,96,-1
35,151,-1
35,201,-1
35,251,-1
35,301,-1
35,351,-1
35,401,-1
35,451,-1
35,501,-1
35,551,-1
35,601,-1
35,651,-1
35,701,-1
35,751,-1
35,801,-1
35,851,-1
35,901,-1
35,951,-1
35,1001,-1
35,1051,-1
35,1101,-1
35,1151,-1
35,1201,-1
35,1251,-1
35,1301,-1
35,1351,-1
35,1401,-1
35,1451,-1
35,1500,-1
36,1,0
36,51,0
36,101,-1
36,56,0
36,61,0
36,66,0
36,71,0
36,76,0
36,81,0
36,86,-1
36,91,-1
36,96,-1
36,151,-1
36,201,-1
36,251,-1
36,301,-1
36,351,-1
36,401,-1
36,451,-1
36,501,-1
36,551,-1
36,601,-1
36,651,-1
36,701,-1
36,751,-1
36,801,-1
36,851,-1
36,901,-1
36,951,-1
36,1001,-1
36,1051,-1
36,1101,-1
36,1151,-1
36,1201,-1
36,1251,-1
36,1301,-1
36,1351,-1
36,1401,-1
36,1451,-1
36,1500,-1
37,1,0
37,51,0
37,101,-1
37,56,0
37,61,0
37,66,0
37,71,0
37,76,0
37,81,0
37,86,-1
37,91,-1
37,96,-1
37,151,-1
37,201,-1
37,251,-1
37,301,-1
37,351,-1
37,401,-1
37,451,-1
37,501,-1
37,551,-1
37,601,-1
37,651,-1
37,701,-1
37,751,-1
37,801,-1
37,851,-1
37,901,-1
37,951,-1
37,1001,-1
37,1051,-1
37,1101,-1
37,1151,-1
37,1201,-1
37,1251,-1
37,1301,-1
37,1351,-1
37,1401,-1
37,1451,-1
37,1500,-1
38,1,0
38,51,0
38,101,-1
38,56,0
38,61,0
38,66,0
38,71,0
38,76,0
38,81,0
38,86,0
38,91,-1
38,96,-1
38,151,-1
38,201,-1
38,251,-1
38,301,-1
38,351,-1
38,401,-1
38,451,-1
38,501,-1
38,551,-1
38,601,-1
38,651,-1
38,701,-1
38,751,-1
38,801,-1
38,851,-1
38,901,-1
38,951,-1
38,1001,-1
38,1051,-1
38,1101,-1
38,1151,-1
38,1201,-1
38,1251,-1
38,1301,-1
38,1351,-1
38,1401,-1
38,1451,-1
38,1500,-1
39,1,0
39,51,0
39,101,-1
39,56,0
39,61,0
39,66,0
39,71,0
39,76,0
39,81,0
39,86,-1
39,91,-1
39,96,-1
39,151,-1
39,201,-1
39,251,-1
39,301,-1
39,351,-1
39,401,-1
39,451,-1
39,501,-1
39,551,-1
39,601,-1
39,651,-1
39,701,-1
39,751,-1
39,801,-1
39,851,-1
39,901,-1
39,951,-1
39,1001,-1
39,1051,-1
39,1101,-1
39,1151,-1
39,1201,-1
39,1251,-1
39,1301,-1
39,1351,-1
39,1401,-1
39,1451,-1
39,1500,-1
40,1,0
40,51,0
40,101,-1
40,56,0
40,61,0
40,66,0
40,71,0
40,76,0
40,81,0
40,86,0
40,91,-1
40,96,-1
40,151,-1
40,201,-1
40,251,-1
40,301,-1
40,351,-1
40,401,-1
40,451,-1
40,501,-1
40,551,-1
40,601,-1
40,651,-1
40,701,-1
40,751,-1
40,801,-1
40,851,-1
40,901,-1
40,951,-1
40,1001,-1
40,1051,-1
40,1101,-1
40,1151,-1
40,1201,-1
40,1251,-1
40,1301,-1
40,1351,-1
40,1401,-1
40,1451,-1
40,1500,-1
41,1,0
41,51,0
41,101,-1
41,56,0
41,61,0
41,66,0
41,71,0
41,76,0
41,81,0
41,86,-1
41,91,-1
41,96,-1
41,151,-1
41,201,-1
41,251,-1
41,301,-1
41,351,-1
41,401,-1
41,451,-1
41,501,-1
41,551,-1
41,601,-1
41,651,-1
41,701,-1
41,751,-1
41,801,-1
41,851,-1
41,901,-1
41,951,-1
41,1001,-1
41,1051,-1
41,1101,-1
41,1151,-1
41,1201,-1
41,1251,-1
41,1301,-1
41,1351,-1
41,1401,-1
41,1451,-1
41,1500,-1
42,1,0
42,51,0
42,101,-1
42,56,0
42,61,0
42,66,0
42,71,0
42,76,0
42,81,0
42,86,-1
42,91,-1
42,96,-1
42,151,-1
42,201,-1
42,251,-1
42,301,-1
42,351,-1
42,401,-1
42,451,-1
42,501,-1
42,551,-1
42,601,-1
42,651,-1
42,701,-1
42,751,-1
42,801,-1
42,851,-1
42,901,-1
42,951,-1
42,1001,-1
42,1051,-1
42,1101,-1
42,1151,-1
42,1201,-1
42,1251,-1
42,1301,-1
42,1351,-1
42,1401,-1
42,1451,-1
42,1500,-1
43,1,0
43,51,0
43,101,-1
43,56,0
43,61,0
43,66,0
43,71,0
43,76,0
43,81,0
43,86,0
43,91,-1
43,96,-1
43,151,-1
43,201,-1
43,251,-1
43,301,-1
43,351,-1
43,401,-1
43,451,-1
43,501,-1
43,551,-1
43,601,-1
43,651,-1
43,701,-1
43,751,-1
43,801,-1
43,851,-1
43,901,-1
43,951,-1
43,1001,-1
43,1051,-1
43,1101,-1
43,1151,-1
43,1201,-1
43,1251,-1
43,1301,-1
43,1351,-1
43,1401,-1
43,1451,-1
43,1500,-1
44,1,0
44,51,0
44,101,-1
44,56,0
44,61,0
44,66,0
44,71,0
44,76,0
44,81,0
44,86,-1
44,91,-1
44,96,-1
44,151,-1
44,201,-1
44,251,-1
44,301,-1
44,351,-1
44,401,-1
44,451,-1
44,501,-1
44,551,-1
44,601,-1
44,651,-1
44,701,-1
44,751,-1
44,801,-1
44,851,-1
44,901,-1
44,951,-1
44,1001,-1
44,1051,-1
44,1101,-1
44,1151,-1
44,1201,-1
44,1251,-1
44,1301,-1
44,1351,-1
44,1401,-1
44,1451,-1
44,1500,-1
45,1,0
45,51,0
45,101,-1
45,56,0
45,61,0
45,66,0
45,71,0
45,76,0
45,81,0
45,86,-1
45,91,-1
45,96,-1
45,151,-1
45,201,-1
45,251,-1
45,301,-1
45,351,-1
45,401,-1
45,451,-1
45,501,-1
45,551,-1
45,601,-1
45,651,-1
45,701,-1
45,751,-1
45,801,-1
45,851,-1
45,901,-1
45,951,-1
45,1001,-1
45,1051,-1
45,1101,-1
45,1151,-1
45,1201,-1
45,1251,-1
45,1301,-1
45,1351,-1
45,1401,-1
45,1451,-1
45,1500,-1
46,1,0
46,51,0
46,101,-1
46,56,0
46,61,0
46,66,0
46,71,0
46,76,0
46,81,0
46,86,-1
46,91,-1
46,96,-1
46,151,-1
46,201,-1
46,251,-1
46,301,-1
46,351,-1
46,401,-1
46,451,-1
46,501,-1
46,551,-1
46,601,-1
46,651,-1
46,701,-1
46,751,-1
46,801,-1
46,851,-1
46,901,-1
46,951,-1
46,1001,-1
46,1051,-1
46,1101,-1
46,1151,-1
46,1201,-1
46,1251,-1
46,1301,-1
46,1351,-1
46,1401,-1
46,1451,-1
46,1500,-1
47,1,0
47,51,0
47,101,-1
47,56,0
47,61,0
47,66,0
47,71,0
47,76,0
47,81,0
47,86,0
47,91,-1
47,96,-1
47,151,-1
47,201,-1
47,251,-1
47,301,-1
47,351,-1
47,401,-1
47,451,-1
47,501,-1
47,551,-1
47,601,-1
47,651,-1
47,701,-1
47,751,-1
47,801,-1
47,851,-1
47,901,-1
47,951,-1
47,1001,-1
47,1051,-1
47,1101,-1
47,1151,-1
47,1201,-1
47,1251,-1
47,1301,-1
47,1351,-1
47,1401,-1
47,1451,-1
47,1500,-1
48,1,0
48,51,0
48,101,-1
48,56,0
48,61,0
48,66,0
48,71,0
48,76,0
48,81,0
48,86,-1
48,91,-1
48,96,-1
48,151,-1
48,201,-1
48,251,-1
48,301,-1
48,351,-1
48,401,-1
48,451,-1
48,501,-1
48,551,-1
48,601,-1
48,651,-1
48,701,-1
48,751,-1
48,801,-1
48,851,-1
48,901,-1
48,951,-1
48,1001,-1
48,1051,-1
48,1101,-1
48,1151,-1
48,1201,-1
48,1251,-1
48,1301,-1
48,1351,-1
48,1401,-1
48,1451,-1
48,1500,-1
49,1,0
49,51,0
49,101,-1
49,56,0
49,61,0
49,66,0
49,71,0
49,76,0
49,81,0
49,86,0
49,91,-1
49,96,-1
49,151,-1
49,201,-1
49,251,-1
49,301,-1
49,351,-1
49,401,-1
49,451,-1
49,501,-1
49,551,-1
49,601,-1
49,651,-1
49,701,-1
49,751,-1
49,801,-1
49,851,-1
49,901,-1
49,951,-1
49,1001,-1
49,1051,-1
49,1101,-1
49,1151,-1
49,1201,-1
49,1251,-1
49,1301,-1
49,1351,-1
49,1401,-1
49,1451,-1
49,1500,-1
50,1,0
50,51,0
50,101,-1
50,56,0
50,61,0
50,66,0
50,71,0
50,76,0
50,81,0
50,86,-1
50,91,-1
50,96,-1
50,151,-1
50,201,-1
50,251,-1
50,301,-1
50,351,-1
50,401,-1
50,451,-1
50,501,-1
50,551,-1
50,601,-1
50,651,-1
50,701,-1
50,751,-1
50,801,-1
50,851,-1
50,901,-1
50,951,-1
50,1001,-1
50,1051,-1
50,1101,-1
50,1151,-1
50,1201,-1
50,1251,-1
50,1301,-1
50,1351,-1
50,1401,-1
50,1451,-1
50,1500,-1
